CUSTOMER_ID_MAP_FROM, CUSTOMER_ID_MAP_TO, QUICKBOOKS_DISPLAY_NAME
fdc90cd0354b67e750e40d44f2f742c0,cus_JDCs90i7K73Q3X,"Allurion Technologies, Inc."
85fc89e04e7dcc11958f73e015623c7b,cus_H9WBDomvCQcgQe,"Foxcorp Holdings LLC"
0517fb29c3e1861a676c64a5793632a3,cus_H0B4fjVBsZS892,"City and County of San Francisco"
0ddbe74a963f9a2b84fc910f5fa85729,cus_JQgmBWahhZy2VI,"Ethos Technologies, Inc"
ebf063837cc6f226f05b87ff701a2115,cus_GnQxdCblJCXnRL,"Calix"
fd15542daf84efcee6bfa1c54e73fd47,cus_HR8jXOwSab48AT,"ShipStation"
124b237dca400e9427b4cd644562f023,cus_JGN2pv92U2s0ya,"NRW Holdings Limited"
cf860b60e226d7c6ed251d9d26c67134,cus_Imwlr2Jf6edk02,"StockX LLC"
7e0fea14dd95c4806aebfe25fc7d9416,cus_IZYLN8JcOkmyaq,"Andersen Corporation"
1257750dc49985ceba16e8cd89066342,cus_H1n1korKsHfvgr,"Bamboo HR LLC"
a3d6acc56067095f655e8b53240b75f0,cus_IK8O9JqPzjrOwC,"ChowNow"
6251a802399cfe6486a2d36438be973a,cus_GsvJl993h56fbI,"ConstructConnect"
7fce5c20b5603212da1853c2cdc22b27,cus_H1zFshgBkiGqUZ,"Firefly Health"
6cafa0292075402a20c51e4489b989a0,cus_ISIljEfbF7TPzk,"Olo, Inc."
cd14846984fbbae55ed5a6749b6bba3c,cus_GgiO8a75rFlHOa,"PayPal Inc."
3958ddd732d315e59bc15cdf99fac92c,cus_ByroN3UtZalexg,"RealSelf"
46c6cdc056da56df0bd6be13118daf40,cus_ByroN3UtZalexg,"RealSelf"
66ad97e34dc7fb670d8c3f5a75f42a90,cus_GGP5c177nPHVUR,"Trustpower Limited"
d7e3f64e69fa1903816f76a546d0c48c,cus_HOsWAmjd8o32PY,"Slalom, LLC"
ba2da476954120d00340ef92e2c9374d,0e44c0ba8ff3d7bb189be4f5e4bb7a81,"15Gifts"
9f470cad260281f2c1b11eb4dc08cb56,35615332568ba6d9433a06b28648cf20,"Andrew Harper"
0d5a01d7d09d995e8a3680752794167a,a2cf6d1d3c0ead62e0ecb033c6785edf,"Aptible Inc."
242755915368ee0778228ba840e7603f,f4eefa2fc791d4c7cde3d08481188036,"Armory, Inc"
ed961fdad082b5d2de5cf81233a86445,cc8c10aae6a8ecb21e02dba516f2e2b3,"Asset Map"
3030787852cf183aca9ab9c27be24f59,22ddb4a2b443c4ec8cf4a35b0cfedb66,"Astro"
a5f1a7b23ea461aa6cbc7745ca91a863,54b366a51c49b6d05968bbf994149cd2,"Away Travel"
8cc54d08015dc5ac5939dac2be07621d,a9aa051102d8493ea70e8d3bee64436c,"Beautiful Slides, Inc."
53f33b0ac98900781c620474ea2fae56,bade456d31801d8aee00a68350891773,"BentoBox CMS"
e929b049941041a8aa3a864ab845580a,198be11825c2e1f29364a5c204b79a63,"Better Therapeutics, Inc."
99f32894d4f9f9622a5f2cf88529c76b,a95c62f83711982dd2cd3260f3d4e2ec,"BetterUp, Inc"
1953deae81a9c71dbae662484182f146,76d02ca297f2e6f3de5e57f0fa579180,"BHCosmetics"
8cd718c7bf34dea913159b8080bd22aa,e673d85d726c4e04d8b1f4083e51322b,"Bidvine"
a3b4ee819077cd9f29f63697e4acee30,53b9b4a30e6395d1a701756cc7c7638d,"Big Tree"
bf0ce33c9571c4923f69a4a2296cd974,98cb982dab8e570343b2ee770d5d9d36,"Billie, Inc."
202a9bd4f93c589b3c65bed7ff75b42a,43911203ad8c5b4a828b7104fd325365,"Birchbox"
5f1bc0a775db42342756ea96dfedc303,e4513bd03ba5bbd5fcd6e637b02ce143,"Blackbetty"
9b8caa7b3660b3718c95689c1221a751,edbac43b66ba8a8df3961293a7ba8d57,"Bluecore, Inc."
98d11b7ba7a838e0fc894fb44f0d06be,7e418b0fb8c410c15cb6ac191b2c8635,"Blueprint Solutions"
7ea9730ff571bad2453de5cc0e2f5dc8,b8a4ba22ad3b7d5c9cd560e63cf446c5,"Bombas​"
0c663c72854b58b99319202ea2e3761e,a79b7f2af30c31232e856fe6e8d2dab7,"Brand24"
20460caef09cee968a6b3305be8456fa,d86c6ae76557a82f48e19e9fffed2764,"Brief"
febc12f04b2972f4fc30c253181cfad9,1207877ef8d91a2f32aec2c5de3a5b06,"BuildingConnected"
ab3301b4465e03595582e6e5b927bbd1,0f2303bbcde5d01bc8abc1436a6ebe5b,"Candid"
57bb0d15332fe76f178677a1ebab0bc4,855c785d170b10b4a4a3af84a9eee0d7,"Candidly"
79b71f3af12b8693ab3cbd7401b691da,0ab42033c9f6862dc1d38ac83e0c24d9,"Canvas"
d21c4846f7f383b918c58ab5690d1ca0,d950fba5b9b916eb33f35f8a112dfffd,"Casper"
af854546d9c33c75d2aec4d76e99e043,fe0d21ae9be0643f9a35fc427694be58,"Clearbit"
cd7e9a2318c020c8323f92ecfb74d5a9,04129942872f40ac537827852bea808e,"Code Climate"
8fe54e0914c43a8e83f8b2aaa8a0f271,1c754db125fcd9e36510e0a04df63ae9,"Collective Health"
ee67267f94f698555722274cb15203dc,e392d05317f9120f06f156fc16547a4d,"Confident Cannabis"
40e3ab3df52faed052db977819fb2fba,a68d496c8415b50762adc5b95bc884ba,"Contactually"
cad862651702929e391fcd4a5f53f1d1,49cdef83b1fdaf0a418f74073be06373,"Cred"
3da57cbdc549075314d4f5774ae15aa9,b5a363901b715081a1a0a4390b3a4112,"Crossbeam, Inc"
99024624c8c1638f4c481f23f524d8af,2c7425872b22863b5e8abbd7e15e60c8,"Cue Vapor"
f583c8722394fadb77e2532534b68e53,6815371e38b60928fd112bdff56b3b0f,"Customer.io"
8a4204c1da1e743458a76f855dc92166,535f3c5bd121156d61ba364d94f848a1,"Dataquest"
af35fcdc874c56ccb3d12ff6f1a0e613,1436d0863a69bbd0600e66e2904206a9,"Defyned Brands"
0476aa4907ae01c16beac09de57df325,a0ef5538daf03c7f28324d9da5d4a783,"Desmos Inc"
6b70b97aaa956982d99bcbc1497a3d24,352a330443886e968a0020702f970039,"Domino Data Lab"
f79ef620d905a254319f65a49cebe985,fb02b38a7fafaea0763c30d0eda2deec,"EBTH"
9ee9da8b7655cea54655c96d4ef80c93,f810afb0b02d54f60d8e0273ed765cd0,"eGifter"
54d77c3ace1e52ef6466488b6ed537fe,f76751dfdcb725e4706fb986ef692c63,"Eko"
c242cd3e94b17d0ee064d437f5c6efd2,6accfd8e3a79e4a9b2689d995b224f2a,"eLocal"
3e52f90fb03fe30dd064f854ac1e1d28,b4aa62d631fd381e01554227ec05ed4c,"Energage"
88acf2353d90c9b39bcd8a49934b7852,905d1163b71a582e66ee3a23abfd7145,"etouches"
1bd7cff10f4b5f65f06e0e4e41908224,64a5df085407e1ee1c630b1f046f8618,"Eventbrite"
89787bdf0b2682014bce0132593b7b23,cf6a9cca41ab4a74870c248444b2e392,"Figs"
54650a78c4d553f0dff718106ce752bd,701e77342d5b93956846a4ff6bb566c1,"FindShadow"
92a7ac06c125946b7d7d69037db51ed4,00392906b97e16677ddd24b728a3792d,"Flipp"
29380622ea49a264eaf97123c130590f,cb83c5759e8c2116cbab82f097609cc6,"Friction Free Shaving"
154b23faf02e4da2f0405fea55695026,f1e0ac8d7a917916d55cbc965b6cae1f,"GitLab"
b98eb5d7f1e365f107c9574357efaa2d,39782c8043c4ee2853a3d72021d850a0,"Gladly"
83eae3cf8fdd3fae5d89baeb13bbaf1e,71d0b806964f8c9c7967ec41c2af800d,"Good Eggs"
dd8fb3d728057708f7f23ec8dd5cea84,dff1e8e0deda36907ee5a940d3a9a8e1,"Grove Collaborative"
7668de00f72718ea2ad1a2eb15bb9af1,3f1e60293a24c665564a32b7e25943a9,"Growth​ ​Street​"
128a0e38487a477d3747ff5018269a5b,99a303ccfcf11436c80882500aa0fd9c,"Healthify"
f623aded7bcdced1502352b3fdb385ac,7fcdfe45c25940f557aee7241c8d394a,"Heap"
2d6914704500063c76f13490265b1a4d,7a51803597648d0a910d2eb26e6a116e,"HUDL"
346362d6758d7530f7f6f14c9e02d640,0661c802a217aef8d0121f7bbf8ac41c,"Human Interest"
75376abcba10672f09ad322f3a50532e,b0eb68448e0af831b7552cc30a3c4fa2,"IJR"
7caa03c9798d47bd5c44c0e964a3b6e9,b86a19cdbbeeb29f14f8efde38bd6aca,"Infusionsoft"
34b1c3bb7c7ff2e20a20ba29f187467a,8200c2481968b459667df7e77cb24fe7,"Institute of Internat.EDU"
87e6143e56e296232d2fc0e8eda310ef,446c38dc8ef4b6ba1bcebbc95318ed77,"Intilery"
1947c389c4054105447865931f1462b8,529ef8bed1f489a2d81e6027d2d6faab,"InVision"
ea36412b4eaa178be2348d278749b671,738ab80c11d40c53e1490920ea5ba907,"Jenni Kaye"
8f80e3b71532d7e1fcd3f266c60aa6cc,71cb92d8669f740bef14035e6fb9aefe,"Jiffy Shirts"
f250e446285d152ea5f3646681192daa,6cdc0d7d8c72123f6804edb283038042,"KeyMe"
055053e391f936a02a61d80a504e1a82,044f85366f0157fc25042d39b34ff02b,"Knotel"
96327bc66187092b82af72fa31d90415,96e3904486119fb34630eca009f3a218,"Kounta​"
36d634680cd9c801d7e0f2d4e9138058,c52ad7059efc376b8fa9d342bcc4fcdc,"Live Nation"
f9a6e07829d7673b0dd9c3413117a5a9,50deac43b5dd80d9a895b1123e46b691,"LOLA"
9b01b35b198eb6455109d8212154b525,7780562ee33ad6cd82088ff8dc11b3b9,"Looker Data Science"
d8b1239c896e6ca152494e94d6b38139,d4e16d92833d306f09e2e6020dd6f5fe,"Mack Weldon"
c30ed9e0af484cbb9216d0b2e03ab665,b76d1a33c7cf3f04efc8e4b9c89621e0,"MakeSpace"
8c680e547002e8f65ae99993856f5198,591977c9159a0b7b73b4eed610e843af,"Metrograph"
3a862d6daf4e58a323846b59a50fc694,41b641933a91d598c63ab837f15ec8bc,"MM.LaFleur​"
31fac330e5fb16a520b649ff9ae6c444,61ca731f443bcb3bd6eafccf368b2270,"Mode Analytics"
b5ced5fa21c0f72e15ae98cfdaa5f23f,edfdb71be8333f207332bac9392a1b78,"Motivate"
d5489fd44847a2e66afb573af0daa6e9,0655b34e9efa7a81aecc8d7391a18c05,"Mystery Tackle Box"
c4af5b4236ab5deda7fa2af003a60d8d,3855f18cf0ee0bc018c4a07cf3bfb25f,"Nearmap"
cbec8b334ded456c0c025148e9a0a24c,0623280b059087f55df101fee24903e8,"Nested"
44b4d2585f4fae9d1a852d447b14affb,92270d37cb50b3456f9921734fd536f1,"Nestio"
8f1b766e91bc7d3a62ee6f003931998b,b2bcf1a0362e1ce03d4a58e118bfa81f,"NJOY  LLC"
5154f83136d90528fdeed1519290fed6,02a5b258ec794c3836dd63231188144c,"Occasion​ ​Brands"
87c4b32d27ccb456df57c0935aa922a2,624786675fa1505881975f9022347e7f,"Opencare"
4e8888b5eb3d3bd7f0d66f321ad95fd0,82e8306aecd8b7412bee605e568fcec3,"Outdoor Voices"
02cc36c6ad69c57c3536155bd7fe1a6b,6aa132b4c2d72126ba84d30f74ddd50f,"P.volve"
9fc2daaedf20cfba102831043ba2fd45,5c213089ea380ce3dcdbae22e2ca04f4,"Perfect Keto"
0a51dd39d3d94fcc1dea24438d342967,cf568c9e931247bc2a0945d2d0507eb2,"Philly.com"
4ee590e8428f499d31d34635fcfab53e,43556869c3d3f8f47184c144f90ee806,"Proper Cloth"
1144afdc741dec14ed4cf07ea8efbfb5,700ca4bba5388ff7436ae40c55cd8067,"RenoFi"
eefafd854e0da23417fea5bc7b6117d0,0f68e3fb4aaff2114a08bf1f5c9cc29e,"RevZilla"
2f0b6e16ba2cf1877ef31fb1306b94ce,bceb78db522fe06832da0620a39ecfe3,"SafeTrek"
2695562a9c13ec233c16396e54a090bd,63e369b50b98558df957d7af4aa071aa,"ScreenCloud"
51eca7cd2be3889a9aa4e977eb79b50e,410f751624e6326abbf7b1ffbf85bacc,"Seer Interactive"
ec6a1492e11042ffd4dfa2a602f6d095,ff23ca5134b8e345a5b8619a8fd2053b,"Shopify"
5c9690ae7c77b38842ec2e9a9833bb5e,8471ff74e3a4abd32b617de875ef06a0,"Simba Sleep"
0925d58d9e3bee5d9725005247e2d4f8,ba7275579209ba50186bce3291f5aa9a,"Simon​ ​Data​"
e16fdcf7b3beeffb902e2f710459ba76,f98e1a33224385d95e3673006ae8b639,"SmileDirectClub"
9abc13a22169f09383b28a6df02452f9,4571eee609300fb5461602ebfb656797,"Snowflake"
878339f0c7c3861f2153a787b184699f,1c226f9f8f0d7649d290279188276374,"Soludos, LLC"
db225c3d63b9510782f370c7d966aa8b,230ccc340e1ff6f0b619fa5005e60f19,"Stitch"
e3dec9a9a58ba40afba8da3638a9ec7e,1b7a066313850d29025002c1a398c715,"Symphonic Distribution"
3ef86694a14a8a8b55dcf72fe53b0b36,e6d76924745d8a23445d801597705711,"The Olympic Channel"
644e93661b23f7cde88075fbb7fdc480,1e461acda6dc2777b4d09b8762539b52,"Thinkific Labs Inc."
78201f205b1c6ad0309c85281b6cd3f3,616f1ec60190a238f5516f55e78ac3e5,"Thunder Industries"
40c844dea721833bb111e3810f5db0aa,b5237075a8be9558c6045904143858df,"Thursday Boots"
11bd881e4bb7bf09ee691d7f764245b1,b2433855eb76993505e898d223bffedf,"True Botanicals"
47876f948081a38c49cfab1d873bea21,343e41298e657221a36588f08718f011,"Trussle Lab Ltd"
110c473031e43fc9bfb52dce52e11487,6004b6541ab63e2010db1034b0157a29,"UrbanStems"
3f4e0a34853a4416bd1c73d0cfee1c19,f658522fd043439f51796ae0ea9d6f83,"UserVoice"
1c99764140a199d6d625c7840042fe3d,3276a84c5141d3d515eca56047d55246,"uSwitch Limited"
22652dd563010db4efdd9a2ead09c14c,59d9ec6832abf99c011e7275f9e44436,"Veelo"
5526642883ca52b05846a4b5766c4c9a,8051333e084eaf9b7cdb2055b90e5f0e,"Virta Health"
5f244d48ab4b661a0f1071f066928a7a,63e79efe0d97acba9838bd09325779d6,"Vistek, Ltd"
15800222b08546a2864622ee13747091,9feef50902511e417f551a1a2d16b327,"Visual Bi Solutions Inc."
578723d94e28263771325155909f310c,f54d3cf8fb2546a6a8b7ab34140cd2e1,"WayUp"
bdc487f8adcf80d694ec5dd64c8f8788,be5588c199cef6eab7103443f69cbf42,"Weights and Biases"
f40e38815ea05089a2210998e62f6df6,48f55c79286a39ad7a640700d05515a8,"Wheely"
2206fc06e0a51977a3502fe5174b03b0,7a088329ee047bd7391b4a4003ce53c5,"Wildbit"
0674cbc383b168a350adf2d56f872000,debde3ac3a6edd041239d420d57e4b8e,"Wonder​"
c5a39b8a411e5161dd1a2192e932725d,8e320d69da9682d5ad112c6736f854eb,"Xinova, LLC"
5307266aecfbbb66dd664d397088894d,88d3f48ed61f6479b8ab0e8bf398a1aa,"Zenefits"
a84e741df096f1a57e5457880ba3b9dc,51e451252b38591c78e24aecb0b3b8fe,"Tortuga/Litelean Inc"